                  epoch,         train/box_loss,         train/cls_loss,         train/dfl_loss,   metrics/precision(B),      metrics/recall(B),       metrics/mAP50(B),    metrics/mAP50-95(B),           val/box_loss,           val/cls_loss,           val/dfl_loss,                 lr/pg0,                 lr/pg1,                 lr/pg2
                      1,                 2.8428,                 7.2725,                  2.409,                      0,                      0,                      0,                      0,                 2.6557,                 8.2921,                 2.3142,               8.75e-05,               8.75e-05,               8.75e-05
                      2,                 2.7776,                 6.6012,                 2.2019,                0.40941,                0.08602,                0.03439,                  0.011,                 2.4577,                 8.1657,                 1.8565,             0.00018379,             0.00018379,             0.00018379
                      3,                 2.2257,                 2.9122,                 1.6227,                0.83331,                0.19355,                0.16635,                0.06742,                 2.3133,                 5.7271,                 1.7069,             0.00027612,             0.00027612,             0.00027612
                      4,                 2.0983,                 2.4669,                  1.502,                0.54883,                0.15054,                0.18687,                0.08284,                 2.0282,                 2.7893,                 1.5522,             0.00036448,             0.00036448,             0.00036448
                      5,                  2.028,                 2.3899,                 1.4811,                0.04495,                0.19355,                 0.0426,                0.02024,                 1.8383,                 13.259,                 1.4999,             0.00044889,             0.00044889,             0.00044889
                      6,                 1.9695,                  2.187,                 1.4082,                0.55804,                0.17204,                0.17503,                 0.1003,                 1.8048,                 15.079,                   1.47,             0.00052934,             0.00052934,             0.00052934
                      7,                 1.8652,                 2.1156,                 1.3552,                0.16269,                0.24803,                0.19379,                 0.0849,                 1.9681,                 3.7555,                 1.6097,             0.00060583,             0.00060583,             0.00060583
                      8,                 1.8476,                 2.0404,                 1.4039,                0.36645,                0.45735,                0.38554,                0.18285,                 2.0181,                 2.9327,                 1.6598,             0.00067835,             0.00067835,             0.00067835
                      9,                 1.8331,                 1.8922,                 1.3853,                 0.4179,                0.43584,                0.41275,                0.17714,                 1.9581,                 3.1889,                 1.6699,             0.00074692,             0.00074692,             0.00074692
                     10,                 1.7732,                  1.763,                 1.3494,                0.57048,                0.24731,                0.42297,                 0.1973,                 1.9038,                  2.215,                 1.5897,             0.00081153,             0.00081153,             0.00081153
                     11,                 1.7179,                 1.6115,                 1.3487,                0.40728,                0.43656,                0.37344,                0.17055,                 1.8865,                   3.27,                 1.6401,             0.00087218,             0.00087218,             0.00087218
                     12,                 1.7245,                 1.6586,                 1.3539,                0.29394,                0.53477,                0.48791,                0.24077,                 1.8364,                 2.1339,                 1.5404,             0.00092886,             0.00092886,             0.00092886
                     13,                 1.7562,                 1.5935,                 1.3149,                0.47055,                0.54695,                 0.5475,                0.28604,                 1.7163,                 1.9431,                 1.5454,               0.000953,               0.000953,               0.000953
                     14,                 1.7392,                 1.6028,                 1.4014,                0.49179,                0.59068,                0.56251,                0.27637,                   1.67,                 2.0416,                 1.4996,               0.000953,               0.000953,               0.000953
                     15,                 1.6881,                 1.4734,                  1.337,                0.70345,                 0.2595,                0.41519,                0.21967,                 1.6895,                 1.8702,                 1.4361,             0.00092825,             0.00092825,             0.00092825
                     16,                 1.6948,                 1.4784,                 1.2728,                 0.6064,                0.39283,                0.45083,                0.19719,                 1.6699,                 2.2609,                 1.4648,              0.0009035,              0.0009035,              0.0009035
                     17,                 1.6619,                 1.3999,                 1.2815,                0.46337,                0.42509,                0.49099,                0.24007,                 1.5848,                 2.1998,                 1.3972,             0.00087875,             0.00087875,             0.00087875
                     18,                 1.6438,                 1.3349,                 1.2502,                0.55101,                0.49581,                0.53797,                0.28777,                 1.6212,                 1.4228,                 1.3878,               0.000854,               0.000854,               0.000854
                     19,                 1.5406,                 1.2292,                 1.2411,                0.33006,                0.53593,                0.45337,                0.23619,                 1.7675,                 2.9088,                 1.5026,             0.00082925,             0.00082925,             0.00082925
                     20,                  1.519,                 1.1807,                 1.2024,                0.57806,                0.41362,                 0.4908,                0.27142,                 1.5901,                 2.0477,                 1.3894,              0.0008045,              0.0008045,              0.0008045
                     21,                 1.5542,                 1.1724,                 1.2214,                0.61136,                0.58697,                0.56362,                0.30738,                 1.5731,                 1.5775,                 1.3892,             0.00077975,             0.00077975,             0.00077975
                     22,                 1.4783,                 1.0854,                 1.1983,                0.62352,                0.56918,                0.55115,                0.28036,                 1.6206,                 1.8655,                 1.4565,               0.000755,               0.000755,               0.000755
                     23,                  1.447,                 1.0542,                 1.1809,                0.55545,                0.50108,                0.48238,                0.27032,                 1.6549,                 1.6166,                 1.4606,             0.00073025,             0.00073025,             0.00073025
                     24,                 1.4988,                 1.0292,                 1.1669,                0.72235,                0.57587,                0.61362,                0.31388,                   1.65,                 1.3343,                 1.4139,              0.0007055,              0.0007055,              0.0007055
                     25,                 1.4304,                 1.0268,                 1.1864,                0.84397,                0.60985,                0.70665,                0.35799,                 1.6082,                 1.2511,                 1.3717,             0.00068075,             0.00068075,             0.00068075
                     26,                  1.468,                0.99619,                 1.1786,                0.78993,                0.58849,                0.68058,                0.37179,                 1.6152,                 1.1745,                 1.3801,               0.000656,               0.000656,               0.000656
                     27,                 1.3804,                0.95076,                  1.139,                 0.8466,                0.62294,                0.73434,                0.39846,                 1.5688,                 1.1085,                 1.3492,             0.00063125,             0.00063125,             0.00063125
                     28,                 1.3964,                  0.979,                   1.18,                0.76581,                0.64026,                0.69652,                0.35302,                 1.5743,                 1.1726,                 1.3752,              0.0006065,              0.0006065,              0.0006065
                     29,                 1.3594,                 0.9385,                 1.1189,                0.82248,                0.64209,                0.71747,                0.35147,                 1.5814,                 1.0933,                 1.3593,             0.00058175,             0.00058175,             0.00058175
                     30,                 1.3083,                0.93345,                 1.1186,                0.78835,                0.76957,                0.76609,                0.37837,                 1.5231,                  1.063,                 1.3387,               0.000557,               0.000557,               0.000557
                     31,                 1.3048,                0.86239,                 1.1137,                0.80997,                0.74543,                0.78787,                0.40133,                 1.4938,                 1.0594,                 1.3107,             0.00053225,             0.00053225,             0.00053225
                     32,                 1.2758,                0.85381,                 1.0925,                0.79163,                0.74515,                0.75804,                0.40424,                 1.5198,                 1.1039,                 1.3195,              0.0005075,              0.0005075,              0.0005075
                     33,                 1.2626,                0.84784,                 1.0904,                0.78052,                0.75362,                0.77767,                0.42683,                 1.5462,                 1.1541,                 1.3451,             0.00048275,             0.00048275,             0.00048275
                     34,                 1.2777,                0.80967,                 1.0879,                0.85655,                0.76138,                0.79881,                0.46986,                 1.5275,                 1.0855,                 1.3452,               0.000458,               0.000458,               0.000458
                     35,                 1.3098,                0.88754,                  1.119,                0.89274,                0.77527,                0.80766,                0.45062,                 1.4931,                 1.0452,                 1.3174,             0.00043325,             0.00043325,             0.00043325
                     36,                  1.281,                0.88363,                 1.1135,                0.88307,                0.76952,                0.83992,                0.46155,                 1.5279,                 1.0089,                 1.3358,              0.0004085,              0.0004085,              0.0004085
                     37,                 1.2155,                0.80674,                 1.0578,                 0.8259,                0.76774,                0.80774,                0.48061,                  1.533,                0.95993,                 1.3322,             0.00038375,             0.00038375,             0.00038375
                     38,                 1.1653,                0.80869,                 1.0325,                0.80913,                 0.7698,                0.78746,                0.45787,                 1.4922,                0.93163,                  1.302,               0.000359,               0.000359,               0.000359
                     39,                 1.1724,                0.75078,                 1.0325,                0.84003,                0.74552,                0.82839,                0.46661,                 1.4787,                 0.9273,                 1.2833,             0.00033425,             0.00033425,             0.00033425
                     40,                 1.1771,                0.77085,                 1.0273,                0.80481,                0.74771,                0.82821,                0.46486,                 1.4873,                0.93323,                 1.2854,              0.0003095,              0.0003095,              0.0003095
                     41,                 1.2067,                 0.7977,                 1.0889,                0.78455,                0.72855,                0.81316,                0.43782,                 1.4542,                0.90644,                 1.2668,             0.00028475,             0.00028475,             0.00028475
                     42,                 1.1212,                0.71226,                 1.0529,                0.78692,                 0.7783,                0.80019,                0.45826,                 1.4018,                0.91133,                 1.2595,                0.00026,                0.00026,                0.00026
                     43,                 1.0828,                0.67672,                 1.0287,                0.84093,                0.77032,                0.81485,                0.46533,                 1.3623,                0.90547,                 1.2505,             0.00023525,             0.00023525,             0.00023525
                     44,                 1.1201,                0.70957,                 1.0497,                0.82781,                0.79782,                 0.8227,                0.49197,                 1.3604,                0.86521,                 1.2497,              0.0002105,              0.0002105,              0.0002105
                     45,                 1.0551,                0.64856,                 1.0179,                0.80922,                0.82294,                0.83238,                0.47511,                  1.361,                0.82913,                 1.2485,             0.00018575,             0.00018575,             0.00018575
                     46,                 1.0533,                0.65382,                 1.0122,                0.78989,                0.81147,                0.79279,                0.47838,                 1.3747,                0.82449,                 1.2516,               0.000161,               0.000161,               0.000161
                     47,                  1.052,                0.65263,                 1.0139,                0.77065,                0.81147,                0.79772,                0.49772,                 1.3989,                0.81749,                 1.2627,             0.00013625,             0.00013625,             0.00013625
                     48,                 1.0492,                0.64201,                 1.0344,                0.90081,                0.76938,                0.82831,                0.49222,                  1.408,                0.82356,                 1.2682,              0.0001115,              0.0001115,              0.0001115
                     49,                 1.0171,                0.63458,                 1.0074,                0.89673,                0.78382,                0.82691,                0.47395,                 1.4226,                0.83924,                 1.2753,              8.675e-05,              8.675e-05,              8.675e-05
                     50,                  1.003,                0.63423,                 1.0015,                0.91398,                0.80345,                0.84706,                0.48188,                 1.4216,                0.83953,                 1.2786,                6.2e-05,                6.2e-05,                6.2e-05
